{
    "name": "root",
    "gauges": {
        "PaperTraining.Policy.Entropy.mean": {
            "value": 1.2263424396514893,
            "min": 1.2263424396514893,
            "max": 1.298082709312439,
            "count": 500
        },
        "PaperTraining.Policy.Entropy.sum": {
            "value": 11688.26953125,
            "min": 8956.3125,
            "max": 25655.3046875,
            "count": 500
        },
        "PaperTraining.Step.mean": {
            "value": 4999923.0,
            "min": 9984.0,
            "max": 4999923.0,
            "count": 500
        },
        "PaperTraining.Step.sum": {
            "value": 4999923.0,
            "min": 9984.0,
            "max": 4999923.0,
            "count": 500
        },
        "PaperTraining.Policy.ExtrinsicValueEstimate.mean": {
            "value": 11.500924110412598,
            "min": 9.32457160949707,
            "max": 11.767743110656738,
            "count": 500
        },
        "PaperTraining.Policy.ExtrinsicValueEstimate.sum": {
            "value": 448.5360412597656,
            "min": 372.98284912109375,
            "max": 494.371826171875,
            "count": 500
        },
        "PaperTraining.Policy.GailValueEstimate.mean": {
            "value": 13.288744926452637,
            "min": 12.4807710647583,
            "max": 14.377643585205078,
            "count": 500
        },
        "PaperTraining.Policy.GailValueEstimate.sum": {
            "value": 518.2610473632812,
            "min": 509.60675048828125,
            "max": 633.42138671875,
            "count": 500
        },
        "PaperTraining.IsTraining.mean": {
            "value": 1.0,
            "min": 1.0,
            "max": 1.0,
            "count": 500
        },
        "PaperTraining.IsTraining.sum": {
            "value": 1.0,
            "min": 1.0,
            "max": 1.0,
            "count": 500
        },
        "PaperTraining.Losses.PolicyLoss.mean": {
            "value": 0.00810204423032701,
            "min": 0.00810204423032701,
            "max": 0.01600300831099351,
            "count": 121
        },
        "PaperTraining.Losses.PolicyLoss.sum": {
            "value": 0.00810204423032701,
            "min": 0.00810204423032701,
            "max": 0.01600300831099351,
            "count": 121
        },
        "PaperTraining.Losses.ValueLoss.mean": {
            "value": 0.4044946620861689,
            "min": 0.309556116660436,
            "max": 1.4367836236953735,
            "count": 121
        },
        "PaperTraining.Losses.ValueLoss.sum": {
            "value": 0.4044946620861689,
            "min": 0.309556116660436,
            "max": 1.4367836236953735,
            "count": 121
        },
        "PaperTraining.Policy.LearningRate.mean": {
            "value": 3.849196151799968e-07,
            "min": 3.849196151799968e-07,
            "max": 9.917056082944003e-05,
            "count": 121
        },
        "PaperTraining.Policy.LearningRate.sum": {
            "value": 3.849196151799968e-07,
            "min": 3.849196151799968e-07,
            "max": 9.917056082944003e-05,
            "count": 121
        },
        "PaperTraining.Policy.Epsilon.mean": {
            "value": 0.10038481999999999,
            "min": 0.10038481999999999,
            "max": 0.19917055999999994,
            "count": 121
        },
        "PaperTraining.Policy.Epsilon.sum": {
            "value": 0.10038481999999999,
            "min": 0.10038481999999999,
            "max": 0.19917055999999994,
            "count": 121
        },
        "PaperTraining.Policy.Beta.mean": {
            "value": 2.920251799999985e-05,
            "min": 2.920251799999985e-05,
            "max": 0.004958610943999999,
            "count": 121
        },
        "PaperTraining.Policy.Beta.sum": {
            "value": 2.920251799999985e-05,
            "min": 2.920251799999985e-05,
            "max": 0.004958610943999999,
            "count": 121
        },
        "PaperTraining.Policy.GAILPolicyEstimate.mean": {
            "value": 0.38976239959398906,
            "min": 0.3859698603550593,
            "max": 0.40929204523563384,
            "count": 121
        },
        "PaperTraining.Policy.GAILPolicyEstimate.sum": {
            "value": 0.38976239959398906,
            "min": 0.3859698603550593,
            "max": 0.40929204523563384,
            "count": 121
        },
        "PaperTraining.Policy.GAILExpertEstimate.mean": {
            "value": 0.6144440869490305,
            "min": 0.5966291069984436,
            "max": 0.6182418584823608,
            "count": 121
        },
        "PaperTraining.Policy.GAILExpertEstimate.sum": {
            "value": 0.6144440869490305,
            "min": 0.5966291069984436,
            "max": 0.6182418584823608,
            "count": 121
        },
        "PaperTraining.Losses.GAILLoss.mean": {
            "value": 1.0690226713816324,
            "min": 1.0612805565198262,
            "max": 1.117306919892629,
            "count": 121
        },
        "PaperTraining.Losses.GAILLoss.sum": {
            "value": 1.0690226713816324,
            "min": 1.0612805565198262,
            "max": 1.117306919892629,
            "count": 121
        },
        "PaperTraining.Policy.GAILGradMagLoss.mean": {
            "value": 0.024603988354404766,
            "min": 0.021804586239159107,
            "max": 0.03089638234426578,
            "count": 121
        },
        "PaperTraining.Policy.GAILGradMagLoss.sum": {
            "value": 0.024603988354404766,
            "min": 0.021804586239159107,
            "max": 0.03089638234426578,
            "count": 121
        },
        "PaperTraining.Losses.PretrainingLoss.mean": {
            "value": 1.5221298933029175,
            "min": 1.5221298933029175,
            "max": 1.958175818125407,
            "count": 121
        },
        "PaperTraining.Losses.PretrainingLoss.sum": {
            "value": 1.5221298933029175,
            "min": 1.5221298933029175,
            "max": 1.958175818125407,
            "count": 121
        },
        "PaperTraining.Environment.EpisodeLength.mean": {
            "value": 3949.0,
            "min": 361.0,
            "max": 4999.0,
            "count": 471
        },
        "PaperTraining.Environment.EpisodeLength.sum": {
            "value": 7898.0,
            "min": 361.0,
            "max": 94880.0,
            "count": 471
        },
        "PaperTraining.Environment.CumulativeReward.mean": {
            "value": 439.74001437425613,
            "min": 15.929998397827148,
            "max": 621.0300064086914,
            "count": 472
        },
        "PaperTraining.Environment.CumulativeReward.sum": {
            "value": 879.4800287485123,
            "min": 15.929998397827148,
            "max": 5930.230090141296,
            "count": 472
        },
        "PaperTraining.Policy.ExtrinsicReward.mean": {
            "value": 439.74001437425613,
            "min": 15.929998397827148,
            "max": 621.0300064086914,
            "count": 472
        },
        "PaperTraining.Policy.ExtrinsicReward.sum": {
            "value": 879.4800287485123,
            "min": 15.929998397827148,
            "max": 5930.230090141296,
            "count": 472
        },
        "PaperTraining.Policy.GailReward.mean": {
            "value": 525.0828948020935,
            "min": 57.40343952178955,
            "max": 820.535204909328,
            "count": 472
        },
        "PaperTraining.Policy.GailReward.sum": {
            "value": 1050.165789604187,
            "min": 57.40343952178955,
            "max": 7998.978367805481,
            "count": 472
        }
    },
    "metadata": {
        "timer_format_version": "0.1.0",
        "start_time_seconds": "1673187678",
        "python_version": "3.7.9 (tags/v3.7.9:13c94747c7, Aug 17 2020, 18:58:18) [MSC v.1900 64 bit (AMD64)]",