{
    "name": "root",
    "gauges": {
        "PaperTraining.Policy.Entropy.mean": {
            "value": 1.4051839113235474,
            "min": 1.4051839113235474,
            "max": 1.4103996753692627,
            "count": 130
        },
        "PaperTraining.Policy.Entropy.sum": {
            "value": 14986.2861328125,
            "min": 8601.7470703125,
            "max": 19497.365234375,
            "count": 130
        },
        "PaperTraining.Step.mean": {
            "value": 4999936.0,
            "min": 3709956.0,
            "max": 4999936.0,
            "count": 130
        },
        "PaperTraining.Step.sum": {
            "value": 4999936.0,
            "min": 3709956.0,
            "max": 4999936.0,
            "count": 130
        },
        "PaperTraining.Policy.ExtrinsicValueEstimate.mean": {
            "value": 0.22035977244377136,
            "min": 0.18928806483745575,
            "max": 0.7802702784538269,
            "count": 130
        },
        "PaperTraining.Policy.ExtrinsicValueEstimate.sum": {
            "value": 8.814391136169434,
            "min": 7.5715227127075195,
            "max": 36.231239318847656,
            "count": 130
        },
        "PaperTraining.Policy.GailValueEstimate.mean": {
            "value": 20.67807388305664,
            "min": 20.149057388305664,
            "max": 27.476722717285156,
            "count": 130
        },
        "PaperTraining.Policy.GailValueEstimate.sum": {
            "value": 827.1229858398438,
            "min": 752.7449951171875,
            "max": 1405.5367431640625,
            "count": 130
        },
        "PaperTraining.IsTraining.mean": {
            "value": 1.0,
            "min": 1.0,
            "max": 1.0,
            "count": 130
        },
        "PaperTraining.IsTraining.sum": {
            "value": 1.0,
            "min": 1.0,
            "max": 1.0,
            "count": 130
        },
        "PaperTraining.Environment.EpisodeLength.mean": {
            "value": 1192.0,
            "min": 804.0,
            "max": 2399.4814814814813,
            "count": 114
        },
        "PaperTraining.Environment.EpisodeLength.sum": {
            "value": 7152.0,
            "min": 980.0,
            "max": 64786.0,
            "count": 114
        },
        "PaperTraining.Environment.CumulativeReward.mean": {
            "value": -2.0579987168312073,
            "min": -5.090000092983246,
            "max": 17.424816632160432,
            "count": 116
        },
        "PaperTraining.Environment.CumulativeReward.sum": {
            "value": -10.289993584156036,
            "min": -13.119994916021824,
            "max": 470.4700490683317,
            "count": 116
        },
        "PaperTraining.Policy.ExtrinsicReward.mean": {
            "value": -2.0579987168312073,
            "min": -5.090000092983246,
            "max": 17.424816632160432,
            "count": 116
        },
        "PaperTraining.Policy.ExtrinsicReward.sum": {
            "value": -10.289993584156036,
            "min": -13.119994916021824,
            "max": 470.4700490683317,
            "count": 116
        },
        "PaperTraining.Policy.GailReward.mean": {
            "value": 238.84051628112792,
            "min": 173.6517638117075,
            "max": 1039.5414488050674,
            "count": 116
        },
        "PaperTraining.Policy.GailReward.sum": {
            "value": 1194.2025814056396,
            "min": 187.22454261779785,
            "max": 28067.619117736816,
            "count": 116
        },
        "PaperTraining.Losses.PolicyLoss.mean": {
            "value": 0.011152129247784614,
            "min": 0.008546561227800946,
            "max": 0.015088539011776448,
            "count": 31
        },
        "PaperTraining.Losses.PolicyLoss.sum": {
            "value": 0.011152129247784614,
            "min": 0.008546561227800946,
            "max": 0.015088539011776448,
            "count": 31
        },
        "PaperTraining.Losses.ValueLoss.mean": {
            "value": 1.5952474037806192,
            "min": 1.2705807964007059,
            "max": 21.373005612691244,
            "count": 31
        },
        "PaperTraining.Losses.ValueLoss.sum": {
            "value": 1.5952474037806192,
            "min": 1.2705807964007059,
            "max": 21.373005612691244,
            "count": 31
        },
        "PaperTraining.Policy.LearningRate.mean": {
            "value": 3.282596718399995e-07,
            "min": 3.282596718399995e-07,
            "max": 2.512305487701999e-05,
            "count": 31
        },
        "PaperTraining.Policy.LearningRate.sum": {
            "value": 3.282596718399995e-07,
            "min": 3.282596718399995e-07,
            "max": 2.512305487701999e-05,
            "count": 31
        },
        "PaperTraining.Policy.Epsilon.mean": {
            "value": 0.10032816000000003,
            "min": 0.10032816000000003,
            "max": 0.12512298,
            "count": 31
        },
        "PaperTraining.Policy.Epsilon.sum": {
            "value": 0.10032816000000003,
            "min": 0.10032816000000003,
            "max": 0.12512298,
            "count": 31
        },
        "PaperTraining.Policy.Beta.mean": {
            "value": 2.6375183999999977e-05,
            "min": 2.6375183999999977e-05,
            "max": 0.0012636367019999994,
            "count": 31
        },
        "PaperTraining.Policy.Beta.sum": {
            "value": 2.6375183999999977e-05,
            "min": 2.6375183999999977e-05,
            "max": 0.0012636367019999994,
            "count": 31
        },
        "PaperTraining.Policy.GAILPolicyEstimate.mean": {
            "value": 0.3253857930501302,
            "min": 0.3210627834002177,
            "max": 0.43712904254595436,
            "count": 31
        },
        "PaperTraining.Policy.GAILPolicyEstimate.sum": {
            "value": 0.3253857930501302,
            "min": 0.3210627834002177,
            "max": 0.43712904254595436,
            "count": 31
        },
        "PaperTraining.Policy.GAILExpertEstimate.mean": {
            "value": 0.6702754457791646,
            "min": 0.5408519208431244,
            "max": 0.6716250995794932,
            "count": 31
        },
        "PaperTraining.Policy.GAILExpertEstimate.sum": {
            "value": 0.6702754457791646,
            "min": 0.5408519208431244,
            "max": 0.6716250995794932,
            "count": 31
        },
        "PaperTraining.Losses.GAILLoss.mean": {
            "value": 0.9000444312890371,
            "min": 0.8886384805043538,
            "max": 1.365299407641093,
            "count": 31
        },
        "PaperTraining.Losses.GAILLoss.sum": {
            "value": 0.9000444312890371,
            "min": 0.8886384805043538,
            "max": 1.365299407641093,
            "count": 31
        },
        "PaperTraining.Policy.GAILGradMagLoss.mean": {
            "value": 0.03619944453239441,
            "min": 0.027316080468396346,
            "max": 0.04730628188699484,
            "count": 31
        },
        "PaperTraining.Policy.GAILGradMagLoss.sum": {
            "value": 0.03619944453239441,
            "min": 0.027316080468396346,
            "max": 0.04730628188699484,
            "count": 31
        },
        "PaperTraining.Losses.PretrainingLoss.mean": {
            "value": 1.2075975735982258,
            "min": 1.1410434643427532,
            "max": 1.2417397499084473,
            "count": 31
        },
        "PaperTraining.Losses.PretrainingLoss.sum": {
            "value": 1.2075975735982258,
            "min": 1.1410434643427532,
            "max": 1.2417397499084473,
            "count": 31
        }
    },
    "metadata": {
        "timer_format_version": "0.1.0",
        "start_time_seconds": "1672771839",
        "python_version": "3.7.9 (tags/v3.7.9:13c94747c7, Aug 17 2020, 18:58:18) [MSC v.1900 64 bit (AMD64)]",