{"count":1,"self":237.3750528,"total":259.79591,"children":{"InitializeActuators":{"count":27,"self":0.0014996999999999999,"total":0.0014996999999999999,"children":null},"InitializeSensors":{"count":27,"self":0.0020017,"total":0.0020017,"children":null},"AgentSendState":{"count":12727,"self":5.2175683999999993,"total":5.6667862,"children":{"CollectObservations":{"count":171828,"self":0.2408127,"total":0.2408127,"children":null},"WriteActionMask":{"count":171828,"self":0.061471099999999994,"total":0.061471099999999994,"children":null},"RequestDecision":{"count":171828,"self":0.14693409999999998,"total":0.14693409999999998,"children":null}}},"DecideAction":{"count":12727,"self":5.0446332,"total":7.6805464999999993,"children":{"RayPerceptionSensor.Perceive":{"count":343656,"self":2.6359132,"total":2.6359133,"children":null}}},"AgentAct":{"count":12727,"self":9.0700256,"total":9.0700256,"children":null}},"gauges":{"PaperTraining.CumulativeReward":{"count":11,"max":683.699768,"min":33.9500656,"runningAverage":287.813354,"value":683.699768,"weightedAverage":431.184265}},"metadata":{"timer_format_version":"0.1.0","start_time_seconds":"1673212496","unity_version":"2021.3.11f1","command_line_arguments":"C:\\Program Files\\Unity\\Hub\\Editor\\2021.3.11f1\\Editor\\Unity.exe -projectpath H:\/unityai\/unity-racing-game -useHub -hubIPC -cloudEnvironment production -hubSessionId ce41ccf0-8f5e-11ed-b2e4-95e764814865 -accessToken qHP6Iw7owceguHd4VczK2WZweTG3Z_tvx88B608plu0008f","communication_protocol_version":"1.5.0","com.unity.ml-agents_version":"2.0.1","scene_name":"TrainingScene","end_time_seconds":"1673212756"}}