{
    "name": "root",
    "gauges": {
        "PaperTraining.Policy.Entropy.mean": {
            "value": 1.2980825901031494,
            "min": 1.2980825901031494,
            "max": 1.3627320528030396,
            "count": 500
        },
        "PaperTraining.Policy.Entropy.sum": {
            "value": 13143.0859375,
            "min": 9409.26171875,
            "max": 18838.408203125,
            "count": 500
        },
        "PaperTraining.Step.mean": {
            "value": 4999867.0,
            "min": 9984.0,
            "max": 4999867.0,
            "count": 500
        },
        "PaperTraining.Step.sum": {
            "value": 4999867.0,
            "min": 9984.0,
            "max": 4999867.0,
            "count": 500
        },
        "PaperTraining.Policy.ExtrinsicValueEstimate.mean": {
            "value": 10.551507949829102,
            "min": 7.949211120605469,
            "max": 10.914356231689453,
            "count": 500
        },
        "PaperTraining.Policy.ExtrinsicValueEstimate.sum": {
            "value": 432.61181640625,
            "min": 325.91766357421875,
            "max": 449.5906982421875,
            "count": 500
        },
        "PaperTraining.Policy.GailValueEstimate.mean": {
            "value": 13.538704872131348,
            "min": 12.24393081665039,
            "max": 14.155014038085938,
            "count": 500
        },
        "PaperTraining.Policy.GailValueEstimate.sum": {
            "value": 555.0869140625,
            "min": 520.6009521484375,
            "max": 581.2803344726562,
            "count": 500
        },
        "PaperTraining.IsTraining.mean": {
            "value": 1.0,
            "min": 1.0,
            "max": 1.0,
            "count": 500
        },
        "PaperTraining.IsTraining.sum": {
            "value": 1.0,
            "min": 1.0,
            "max": 1.0,
            "count": 500
        },
        "PaperTraining.Environment.EpisodeLength.mean": {
            "value": 2986.5,
            "min": 329.0,
            "max": 15924.0,
            "count": 456
        },
        "PaperTraining.Environment.EpisodeLength.sum": {
            "value": 5973.0,
            "min": 329.0,
            "max": 44961.0,
            "count": 456
        },
        "PaperTraining.Environment.CumulativeReward.mean": {
            "value": 299.78499591350555,
            "min": 6.169998645782471,
            "max": 1734.6500194072723,
            "count": 456
        },
        "PaperTraining.Environment.CumulativeReward.sum": {
            "value": 599.5699918270111,
            "min": 6.169998645782471,
            "max": 4602.759983301163,
            "count": 456
        },
        "PaperTraining.Policy.ExtrinsicReward.mean": {
            "value": 299.78499591350555,
            "min": 6.169998645782471,
            "max": 1734.6500194072723,
            "count": 456
        },
        "PaperTraining.Policy.ExtrinsicReward.sum": {
            "value": 599.5699918270111,
            "min": 6.169998645782471,
            "max": 4602.759983301163,
            "count": 456
        },
        "PaperTraining.Policy.GailReward.mean": {
            "value": 413.94834995269775,
            "min": 35.92100529372692,
            "max": 2236.825747489929,
            "count": 456
        },
        "PaperTraining.Policy.GailReward.sum": {
            "value": 827.8966999053955,
            "min": 35.92100529372692,
            "max": 6392.448567390442,
            "count": 456
        },
        "PaperTraining.Losses.PolicyLoss.mean": {
            "value": 0.011889866095346709,
            "min": 0.008099349269953867,
            "max": 0.016150379716418684,
            "count": 121
        },
        "PaperTraining.Losses.PolicyLoss.sum": {
            "value": 0.011889866095346709,
            "min": 0.008099349269953867,
            "max": 0.016150379716418684,
            "count": 121
        },
        "PaperTraining.Losses.ValueLoss.mean": {
            "value": 0.44013963838418324,
            "min": 0.3247499098380407,
            "max": 1.3781628171602884,
            "count": 121
        },
        "PaperTraining.Losses.ValueLoss.sum": {
            "value": 0.44013963838418324,
            "min": 0.3247499098380407,
            "max": 1.3781628171602884,
            "count": 121
        },
        "PaperTraining.Policy.LearningRate.mean": {
            "value": 5.501994498999979e-07,
            "min": 5.501994498999979e-07,
            "max": 9.917836082164001e-05,
            "count": 121
        },
        "PaperTraining.Policy.LearningRate.sum": {
            "value": 5.501994498999979e-07,
            "min": 5.501994498999979e-07,
            "max": 9.917836082164001e-05,
            "count": 121
        },
        "PaperTraining.Policy.Epsilon.mean": {
            "value": 0.1005501,
            "min": 0.1005501,
            "max": 0.19917836000000005,
            "count": 121
        },
        "PaperTraining.Policy.Epsilon.sum": {
            "value": 0.1005501,
            "min": 0.1005501,
            "max": 0.19917836000000005,
            "count": 121
        },
        "PaperTraining.Policy.Beta.mean": {
            "value": 3.744998999999989e-05,
            "min": 3.744998999999989e-05,
            "max": 0.004959000164,
            "count": 121
        },
        "PaperTraining.Policy.Beta.sum": {
            "value": 3.744998999999989e-05,
            "min": 3.744998999999989e-05,
            "max": 0.004959000164,
            "count": 121
        },
        "PaperTraining.Policy.GAILPolicyEstimate.mean": {
            "value": 0.40087858339150745,
            "min": 0.39805530409018197,
            "max": 0.42104180057843527,
            "count": 121
        },
        "PaperTraining.Policy.GAILPolicyEstimate.sum": {
            "value": 0.40087858339150745,
            "min": 0.39805530409018197,
            "max": 0.42104180057843527,
            "count": 121
        },
        "PaperTraining.Policy.GAILExpertEstimate.mean": {
            "value": 0.6067867676417033,
            "min": 0.5833552738030752,
            "max": 0.6081621706485748,
            "count": 121
        },
        "PaperTraining.Policy.GAILExpertEstimate.sum": {
            "value": 0.6067867676417033,
            "min": 0.5833552738030752,
            "max": 0.6081621706485748,
            "count": 121
        },
        "PaperTraining.Losses.GAILLoss.mean": {
            "value": 1.0961020072301229,
            "min": 1.0883365313212077,
            "max": 1.1623722831408183,
            "count": 121
        },
        "PaperTraining.Losses.GAILLoss.sum": {
            "value": 1.0961020072301229,
            "min": 1.0883365313212077,
            "max": 1.1623722831408183,
            "count": 121
        },
        "PaperTraining.Policy.GAILGradMagLoss.mean": {
            "value": 0.02239823980877797,
            "min": 0.020046981113652388,
            "max": 0.02486870251595974,
            "count": 121
        },
        "PaperTraining.Policy.GAILGradMagLoss.sum": {
            "value": 0.02239823980877797,
            "min": 0.020046981113652388,
            "max": 0.02486870251595974,
            "count": 121
        },
        "PaperTraining.Losses.PretrainingLoss.mean": {
            "value": 1.6871507962544758,
            "min": 1.6852526664733887,
            "max": 2.0752456982930503,
            "count": 121
        },
        "PaperTraining.Losses.PretrainingLoss.sum": {
            "value": 1.6871507962544758,
            "min": 1.6852526664733887,
            "max": 2.0752456982930503,
            "count": 121
        }
    },
    "metadata": {
        "timer_format_version": "0.1.0",
        "start_time_seconds": "1672829332",
        "python_version": "3.7.9 (tags/v3.7.9:13c94747c7, Aug 17 2020, 18:58:18) [MSC v.1900 64 bit (AMD64)]",