{
    "name": "root",
    "gauges": {
        "PaperTraining.Policy.Entropy.mean": {
            "value": 1.4071979522705078,
            "min": 1.4071979522705078,
            "max": 1.4264447689056396,
            "count": 488
        },
        "PaperTraining.Policy.Entropy.sum": {
            "value": 13677.9638671875,
            "min": 5212.9326171875,
            "max": 19937.28125,
            "count": 488
        },
        "PaperTraining.Step.mean": {
            "value": 4999851.0,
            "min": 129935.0,
            "max": 4999851.0,
            "count": 488
        },
        "PaperTraining.Step.sum": {
            "value": 4999851.0,
            "min": 129935.0,
            "max": 4999851.0,
            "count": 488
        },
        "PaperTraining.Policy.ExtrinsicValueEstimate.mean": {
            "value": -0.7216094136238098,
            "min": -1.0588243007659912,
            "max": -0.11212980002164841,
            "count": 488
        },
        "PaperTraining.Policy.ExtrinsicValueEstimate.sum": {
            "value": -29.58598518371582,
            "min": -131.380126953125,
            "max": -5.048715114593506,
            "count": 488
        },
        "PaperTraining.Policy.GailValueEstimate.mean": {
            "value": 56.51866912841797,
            "min": 2.0842092037200928,
            "max": 69.97258758544922,
            "count": 488
        },
        "PaperTraining.Policy.GailValueEstimate.sum": {
            "value": 2317.265380859375,
            "min": 64.75587463378906,
            "max": 16513.53125,
            "count": 488
        },
        "PaperTraining.IsTraining.mean": {
            "value": 1.0,
            "min": 1.0,
            "max": 1.0,
            "count": 488
        },
        "PaperTraining.IsTraining.sum": {
            "value": 1.0,
            "min": 1.0,
            "max": 1.0,
            "count": 488
        },
        "PaperTraining.Environment.EpisodeLength.mean": {
            "value": 1734.6666666666667,
            "min": 0.0,
            "max": 14293.0,
            "count": 311
        },
        "PaperTraining.Environment.EpisodeLength.sum": {
            "value": 5204.0,
            "min": 0.0,
            "max": 466130.0,
            "count": 311
        },
        "PaperTraining.Environment.CumulativeReward.mean": {
            "value": -29.516663710276287,
            "min": -183.38997721672058,
            "max": 0.0,
            "count": 314
        },
        "PaperTraining.Environment.CumulativeReward.sum": {
            "value": -88.54999113082886,
            "min": -5708.50931930542,
            "max": 0.0,
            "count": 314
        },
        "PaperTraining.Policy.ExtrinsicReward.mean": {
            "value": -14.758331855138143,
            "min": -91.69498860836029,
            "max": 0.0,
            "count": 314
        },
        "PaperTraining.Policy.ExtrinsicReward.sum": {
            "value": -44.27499556541443,
            "min": -2854.25465965271,
            "max": 0.0,
            "count": 314
        },
        "PaperTraining.Policy.GailReward.mean": {
            "value": 1017.6067593892416,
            "min": 0.760290915616835,
            "max": 10412.770034790039,
            "count": 314
        },
        "PaperTraining.Policy.GailReward.sum": {
            "value": 3052.8202781677246,
            "min": 150.53760129213333,
            "max": 305540.16837614775,
            "count": 314
        },
        "PaperTraining.Losses.PolicyLoss.mean": {
            "value": 0.009250570515481135,
            "min": 0.008046254104313751,
            "max": 0.016407914677013954,
            "count": 117
        },
        "PaperTraining.Losses.PolicyLoss.sum": {
            "value": 0.009250570515481135,
            "min": 0.008046254104313751,
            "max": 0.016407914677013954,
            "count": 117
        },
        "PaperTraining.Losses.ValueLoss.mean": {
            "value": 20.636056900024414,
            "min": 11.167018604278564,
            "max": 91.8318384806315,
            "count": 117
        },
        "PaperTraining.Losses.ValueLoss.sum": {
            "value": 20.636056900024414,
            "min": 11.167018604278564,
            "max": 91.8318384806315,
            "count": 117
        },
        "PaperTraining.Policy.LearningRate.mean": {
            "value": 2.3775976233999507e-07,
            "min": 2.3775976233999507e-07,
            "max": 9.671504328496002e-05,
            "count": 117
        },
        "PaperTraining.Policy.LearningRate.sum": {
            "value": 2.3775976233999507e-07,
            "min": 2.3775976233999507e-07,
            "max": 9.671504328496002e-05,
            "count": 117
        },
        "PaperTraining.Policy.Epsilon.mean": {
            "value": 0.10023765999999998,
            "min": 0.10023765999999998,
            "max": 0.19671504,
            "count": 117
        },
        "PaperTraining.Policy.Epsilon.sum": {
            "value": 0.10023765999999998,
            "min": 0.10023765999999998,
            "max": 0.19671504,
            "count": 117
        },
        "PaperTraining.Policy.Beta.mean": {
            "value": 2.1859233999999758e-05,
            "min": 2.1859233999999758e-05,
            "max": 0.004836080496000001,
            "count": 117
        },
        "PaperTraining.Policy.Beta.sum": {
            "value": 2.1859233999999758e-05,
            "min": 2.1859233999999758e-05,
            "max": 0.004836080496000001,
            "count": 117
        },
        "PaperTraining.Policy.GAILPolicyEstimate.mean": {
            "value": 0.4044607222080231,
            "min": 0.35400080184141797,
            "max": 0.4927752713362376,
            "count": 117
        },
        "PaperTraining.Policy.GAILPolicyEstimate.sum": {
            "value": 0.4044607222080231,
            "min": 0.35400080184141797,
            "max": 0.4927752713362376,
            "count": 117
        },
        "PaperTraining.Policy.GAILExpertEstimate.mean": {
            "value": 0.6033359507719676,
            "min": 0.5259961545467376,
            "max": 0.6250427981217702,
            "count": 117
        },
        "PaperTraining.Policy.GAILExpertEstimate.sum": {
            "value": 0.6033359507719676,
            "min": 0.5259961545467376,
            "max": 0.6250427981217702,
            "count": 117
        },
        "PaperTraining.Losses.GAILLoss.mean": {
            "value": 1.1090799967447917,
            "min": 0.9662269155184428,
            "max": 1.4952709277470906,
            "count": 117
        },
        "PaperTraining.Losses.GAILLoss.sum": {
            "value": 1.1090799967447917,
            "min": 0.9662269155184428,
            "max": 1.4952709277470906,
            "count": 117
        },
        "PaperTraining.Policy.GAILGradMagLoss.mean": {
            "value": 0.023702636050681274,
            "min": 0.009209996617088715,
            "max": 0.5992509384950002,
            "count": 117
        },
        "PaperTraining.Policy.GAILGradMagLoss.sum": {
            "value": 0.023702636050681274,
            "min": 0.009209996617088715,
            "max": 0.5992509384950002,
            "count": 117
        },
        "PaperTraining.Losses.PretrainingLoss.mean": {
            "value": 1.1304666598637898,
            "min": 1.1304666598637898,
            "max": 1.3835164705912273,
            "count": 117
        },
        "PaperTraining.Losses.PretrainingLoss.sum": {
            "value": 1.1304666598637898,
            "min": 1.1304666598637898,
            "max": 1.3835164705912273,
            "count": 117
        }
    },
    "metadata": {
        "timer_format_version": "0.1.0",
        "start_time_seconds": "1672763038",
        "python_version": "3.7.9 (tags/v3.7.9:13c94747c7, Aug 17 2020, 18:58:18) [MSC v.1900 64 bit (AMD64)]",