{
    "name": "root",
    "gauges": {
        "CarAgentMultipleCars2.Policy.Entropy.mean": {
            "value": 1.8503632545471191,
            "min": 1.7975082397460938,
            "max": 1.8698779344558716,
            "count": 3
        },
        "CarAgentMultipleCars2.Policy.Entropy.sum": {
            "value": 46296.08984375,
            "min": 45070.72265625,
            "max": 46722.640625,
            "count": 3
        },
        "CarAgentMultipleCars2.Step.mean": {
            "value": 74965.0,
            "min": 24971.0,
            "max": 74965.0,
            "count": 3
        },
        "CarAgentMultipleCars2.Step.sum": {
            "value": 74965.0,
            "min": 24971.0,
            "max": 74965.0,
            "count": 3
        },
        "CarAgentMultipleCars2.Policy.ExtrinsicValueEstimate.mean": {
            "value": -5.026739597320557,
            "min": -5.026739597320557,
            "max": -4.321252346038818,
            "count": 3
        },
        "CarAgentMultipleCars2.Policy.ExtrinsicValueEstimate.sum": {
            "value": -2005.669189453125,
            "min": -2005.669189453125,
            "max": -1728.5009765625,
            "count": 3
        },
        "CarAgentMultipleCars2.Policy.GailValueEstimate.mean": {
            "value": 37.42426300048828,
            "min": 37.42426300048828,
            "max": 50.394989013671875,
            "count": 3
        },
        "CarAgentMultipleCars2.Policy.GailValueEstimate.sum": {
            "value": 14932.28125,
            "min": 14932.28125,
            "max": 20157.99609375,
            "count": 3
        },
        "CarAgentMultipleCars2.Environment.EpisodeLength.mean": {
            "value": 1278.578947368421,
            "min": 1233.388888888889,
            "max": 1278.578947368421,
            "count": 3
        },
        "CarAgentMultipleCars2.Environment.EpisodeLength.sum": {
            "value": 24293.0,
            "min": 22201.0,
            "max": 24293.0,
            "count": 3
        },
        "CarAgentMultipleCars2.Environment.CumulativeReward.mean": {
            "value": -115.23158435209801,
            "min": -115.23158435209801,
            "max": -79.0138946523269,
            "count": 3
        },
        "CarAgentMultipleCars2.Environment.CumulativeReward.sum": {
            "value": -2189.4001026898623,
            "min": -2189.4001026898623,
            "max": -1422.2501037418842,
            "count": 3
        },
        "CarAgentMultipleCars2.Policy.ExtrinsicReward.mean": {
            "value": -115.23158435209801,
            "min": -115.23158435209801,
            "max": -79.0138946523269,
            "count": 3
        },
        "CarAgentMultipleCars2.Policy.ExtrinsicReward.sum": {
            "value": -2189.4001026898623,
            "min": -2189.4001026898623,
            "max": -1422.2501037418842,
            "count": 3
        },
        "CarAgentMultipleCars2.Policy.GailReward.mean": {
            "value": 474.18963137425874,
            "min": 439.0713193291112,
            "max": 502.4341517686844,
            "count": 3
        },
        "CarAgentMultipleCars2.Policy.GailReward.sum": {
            "value": 9009.602996110916,
            "min": 8342.355067253113,
            "max": 9043.814731836319,
            "count": 3
        },
        "CarAgentMultipleCars2.Losses.PolicyLoss.mean": {
            "value": 0.022285744325361317,
            "min": 0.022285744325361317,
            "max": 0.025826858232418697,
            "count": 3
        },
        "CarAgentMultipleCars2.Losses.PolicyLoss.sum": {
            "value": 0.06685723297608395,
            "min": 0.04493681715490917,
            "max": 0.06685723297608395,
            "count": 3
        },
        "CarAgentMultipleCars2.Losses.ValueLoss.mean": {
            "value": 10.92798187997606,
            "min": 10.92798187997606,
            "max": 15.093908977508544,
            "count": 3
        },
        "CarAgentMultipleCars2.Losses.ValueLoss.sum": {
            "value": 32.783945639928184,
            "min": 25.851625442504883,
            "max": 32.783945639928184,
            "count": 3
        },
        "CarAgentMultipleCars2.Policy.LearningRate.mean": {
            "value": 0.00028152030615989995,
            "min": 0.00028152030615989995,
            "max": 0.00029538735153755,
            "count": 3
        },
        "CarAgentMultipleCars2.Policy.LearningRate.sum": {
            "value": 0.0008445609184796999,
            "min": 0.0005784537071820998,
            "max": 0.0008445609184796999,
            "count": 3
        },
        "CarAgentMultipleCars2.Policy.Epsilon.mean": {
            "value": 0.1938401,
            "min": 0.1938401,
            "max": 0.19846245,
            "count": 3
        },
        "CarAgentMultipleCars2.Policy.Epsilon.sum": {
            "value": 0.5815203,
            "min": 0.3928179,
            "max": 0.5815203,
            "count": 3
        },
        "CarAgentMultipleCars2.Policy.Beta.mean": {
            "value": 0.00469262099,
            "min": 0.00469262099,
            "max": 0.004923276254999999,
            "count": 3
        },
        "CarAgentMultipleCars2.Policy.Beta.sum": {
            "value": 0.01407786297,
            "min": 0.00964161321,
            "max": 0.01407786297,
            "count": 3
        },
        "CarAgentMultipleCars2.Policy.GAILPolicyEstimate.mean": {
            "value": 0.34977343380451204,
            "min": 0.34977343380451204,
            "max": 0.38212594389915466,
            "count": 3
        },
        "CarAgentMultipleCars2.Policy.GAILPolicyEstimate.sum": {
            "value": 1.0493203014135362,
            "min": 0.7103268086910248,
            "max": 1.0493203014135362,
            "count": 3
        },
        "CarAgentMultipleCars2.Policy.GAILExpertEstimate.mean": {
            "value": 0.64603381090694,
            "min": 0.6248045792182286,
            "max": 0.64603381090694,
            "count": 3
        },
        "CarAgentMultipleCars2.Policy.GAILExpertEstimate.sum": {
            "value": 1.9381014327208201,
            "min": 1.2496091584364573,
            "max": 1.9381014327208201,
            "count": 3
        },
        "CarAgentMultipleCars2.Losses.GAILLoss.mean": {
            "value": 0.9197218398253124,
            "min": 0.9197218398253124,
            "max": 0.9974492053190867,
            "count": 3
        },
        "CarAgentMultipleCars2.Losses.GAILLoss.sum": {
            "value": 2.7591655194759372,
            "min": 1.87052663564682,
            "max": 2.7591655194759372,
            "count": 3
        },
        "CarAgentMultipleCars2.Policy.GAILGradMagLoss.mean": {
            "value": 0.06179327447381284,
            "min": 0.03399568873768051,
            "max": 0.08861984057972828,
            "count": 3
        },
        "CarAgentMultipleCars2.Policy.GAILGradMagLoss.sum": {
            "value": 0.18537982342143852,
            "min": 0.06799137747536102,
            "max": 0.18537982342143852,
            "count": 3
        },
        "CarAgentMultipleCars2.Losses.PretrainingLoss.mean": {
            "value": 0.7338395758911416,
            "min": 0.7338395758911416,
            "max": 0.7370325823624928,
            "count": 3
        },
        "CarAgentMultipleCars2.Losses.PretrainingLoss.sum": {
            "value": 2.2015187276734247,
            "min": 1.4700571364826627,
            "max": 2.2015187276734247,
            "count": 3
        },
        "CarAgentMultipleCars2.IsTraining.mean": {
            "value": 1.0,
            "min": 1.0,
            "max": 1.0,
            "count": 3
        },
        "CarAgentMultipleCars2.IsTraining.sum": {
            "value": 1.0,
            "min": 1.0,
            "max": 1.0,
            "count": 3
        }
    },
    "metadata": {
        "timer_format_version": "0.1.0",
        "start_time_seconds": "1670885099",